,experience,test_score,interview_score,salary
0,0.0,8.0,9,51888.203227881044
1,0.0,8.0,6,45532.738186384086
2,5.0,6.0,7,61040.97632683061
3,2.0,10.0,10,62161.99124123358
4,7.0,9.0,6,68077.57327044988
5,3.0,7.0,10,62240.49857593483
6,10.0,0.0,7,70431.58362171928
7,11.0,7.0,8,82626.43554956667
